"id";"modele";"id_marque";"rappel_marque"
"1";"U5";"1";"AIWAYS"
"2";"2141";"2";"ALEKO"
"3";"1300";"3";"ALFA ROMEO"
"4";"1600";"3";"ALFA ROMEO"
"5";"164";"3";"ALFA ROMEO"
"6";"1750";"3";"ALFA ROMEO"
"7";"2000";"3";"ALFA ROMEO"
"8";"4C";"3";"ALFA ROMEO"
"9";"ALFA 145";"3";"ALFA ROMEO"
"10";"ALFA 146";"3";"ALFA ROMEO"
"11";"ALFA 147";"3";"ALFA ROMEO"
"12";"ALFA 155";"3";"ALFA ROMEO"
"13";"ALFA 156";"3";"ALFA ROMEO"
"14";"ALFA 159";"3";"ALFA ROMEO"
"15";"ALFA 159 SW";"3";"ALFA ROMEO"
"16";"ALFA 166";"3";"ALFA ROMEO"
"17";"ALFA 33";"3";"ALFA ROMEO"
"18";"ALFA 6";"3";"ALFA ROMEO"
"19";"ALFA 75";"3";"ALFA ROMEO"
"20";"ALFA 90";"3";"ALFA ROMEO"
"21";"ALFA GT";"3";"ALFA ROMEO"
"22";"ALFA GTV";"3";"ALFA ROMEO"
"23";"ALFA-SUD";"3";"ALFA ROMEO"
"24";"ALFETTA";"3";"ALFA ROMEO"
"25";"BRERA";"3";"ALFA ROMEO"
"26";"CROSSWAGON";"3";"ALFA ROMEO"
"27";"GIULIA";"3";"ALFA ROMEO"
"28";"GIULIETTA";"3";"ALFA ROMEO"
"29";"MITO";"3";"ALFA ROMEO"
"30";"RZ";"3";"ALFA ROMEO"
"31";"SPIDER";"3";"ALFA ROMEO"
"32";"SPORTWAGON";"3";"ALFA ROMEO"
"33";"SPRINT";"3";"ALFA ROMEO"
"34";"STELVIO";"3";"ALFA ROMEO"
"35";"SZ";"3";"ALFA ROMEO"
"36";"A110";"4";"ALPINE RENAULT"
"37";"A110 II";"4";"ALPINE RENAULT"
"38";"A310";"4";"ALPINE RENAULT"
"39";"A610";"4";"ALPINE RENAULT"
"40";"LE MANS";"4";"ALPINE RENAULT"
"41";"V6";"4";"ALPINE RENAULT"
"42";"4X4";"5";"ARO"
"43";"SPARTANA";"5";"ARO"
"44";"ROCSTA";"6";"ASIA"
"45";"CYGNET";"7";"ASTON MARTIN"
"46";"100";"8";"AUDI"
"47";"200";"8";"AUDI"
"48";"50";"8";"AUDI"
"49";"60";"8";"AUDI"
"50";"70";"8";"AUDI"
"51";"75";"8";"AUDI"
"52";"80";"8";"AUDI"
"53";"90";"8";"AUDI"
"54";"A1";"8";"AUDI"
"55";"A1 II";"8";"AUDI"
"56";"A2";"8";"AUDI"
"57";"A3";"8";"AUDI"
"58";"A3 *";"8";"AUDI"
"59";"A3 IV";"8";"AUDI"
"60";"A3 SPORTBACK";"8";"AUDI"
"61";"A4";"8";"AUDI"
"62";"A4 III - IV";"8";"AUDI"
"63";"A4 V";"8";"AUDI"
"64";"A5";"8";"AUDI"
"65";"A5 SPORTBACK";"8";"AUDI"
"66";"A6";"8";"AUDI"
"67";"A6 III";"8";"AUDI"
"68";"A6 IV";"8";"AUDI"
"69";"A6 V";"8";"AUDI"
"70";"A7";"8";"AUDI"
"71";"A8";"8";"AUDI"
"72";"ALLROAD";"8";"AUDI"
"73";"CABRIOLET";"8";"AUDI"
"74";"COUPE";"8";"AUDI"
"75";"E-TRON";"8";"AUDI"
"76";"E-TRON GT";"8";"AUDI"
"77";"GT";"8";"AUDI"
"78";"Q2";"8";"AUDI"
"79";"Q3";"8";"AUDI"
"80";"Q3 II";"8";"AUDI"
"81";"Q4 E-TRON";"8";"AUDI"
"82";"Q5";"8";"AUDI"
"83";"Q7";"8";"AUDI"
"84";"Q8";"8";"AUDI"
"85";"QUATTRO";"8";"AUDI"
"86";"R8";"8";"AUDI"
"87";"RO 80";"8";"AUDI"
"88";"RS3";"8";"AUDI"
"89";"RS4";"8";"AUDI"
"90";"RS5";"8";"AUDI"
"91";"RS6";"8";"AUDI"
"92";"RS7";"8";"AUDI"
"93";"S1";"8";"AUDI"
"94";"S3";"8";"AUDI"
"95";"S3 IV";"8";"AUDI"
"96";"S3 SPORTBACK";"8";"AUDI"
"97";"S4";"8";"AUDI"
"98";"S5";"8";"AUDI"
"99";"S6";"8";"AUDI"
"100";"S6 V";"8";"AUDI"
"101";"S7";"8";"AUDI"
"102";"S7 II";"8";"AUDI"
"103";"S8";"8";"AUDI"
"104";"TT";"8";"AUDI"
"105";"V8";"8";"AUDI"
"106";"850";"9";"AUSTIN"
"107";"ALLEGRO";"9";"AUSTIN"
"108";"JEEP";"9";"AUSTIN"
"109";"MAESTRO";"9";"AUSTIN"
"110";"METRO";"9";"AUSTIN"
"111";"MINI";"9";"AUSTIN"
"112";"MONTEGO";"9";"AUSTIN"
"113";"MORRISITAL";"9";"AUSTIN"
"114";"PRINCESS";"9";"AUSTIN"
"115";"SHERPA";"9";"AUSTIN"
"116";"500";"10";"AUTOBIANCHI"
"117";"A111";"10";"AUTOBIANCHI"
"118";"A112";"10";"AUTOBIANCHI"
"119";"PRIMULA";"10";"AUTOBIANCHI"
"120";"Y10";"10";"AUTOBIANCHI"
"121";"A3";"11";"AUVERLAND"
"122";"CF";"12";"BEDFORD"
"123";"MIDI";"12";"BEDFORD"
"124";"BEE BEE XS";"13";"BEE BEE AUTOMOTIVE"
"125";"ARNAGE";"14";"BENTLEY"
"126";"AZURE T";"14";"BENTLEY"
"127";"BROOKLANDS";"14";"BENTLEY"
"128";"CONTINENTAL FLYING SPUR";"14";"BENTLEY"
"129";"CONTINENTAL GT";"14";"BENTLEY"
"130";"MULSANNE";"14";"BENTLEY"
"131";"4X4";"15";"BERTONE"
"132";"1502";"16";"BMW"
"133";"1600";"16";"BMW"
"134";"1602";"16";"BMW"
"135";"1800";"16";"BMW"
"136";"1802";"16";"BMW"
"137";"2000";"16";"BMW"
"138";"2002";"16";"BMW"
"139";"2500";"16";"BMW"
"140";"3,0";"16";"BMW"
"141";"3,3";"16";"BMW"
"142";"315";"16";"BMW"
"143";"316";"16";"BMW"
"144";"318";"16";"BMW"
"145";"320";"16";"BMW"
"146";"323";"16";"BMW"
"147";"324";"16";"BMW"
"148";"325";"16";"BMW"
"149";"328";"16";"BMW"
"150";"330";"16";"BMW"
"151";"518";"16";"BMW"
"152";"520";"16";"BMW"
"153";"523";"16";"BMW"
"154";"524";"16";"BMW"
"155";"525";"16";"BMW"
"156";"528";"16";"BMW"
"157";"530";"16";"BMW"
"158";"535";"16";"BMW"
"159";"540";"16";"BMW"
"160";"545";"16";"BMW"
"161";"550";"16";"BMW"
"162";"628";"16";"BMW"
"163";"630";"16";"BMW"
"164";"633";"16";"BMW"
"165";"635";"16";"BMW"
"166";"645";"16";"BMW"
"167";"650";"16";"BMW"
"168";"725";"16";"BMW"
"169";"728";"16";"BMW"
"170";"730";"16";"BMW"
"171";"732";"16";"BMW"
"172";"733";"16";"BMW"
"173";"735";"16";"BMW"
"174";"740";"16";"BMW"
"175";"745";"16";"BMW"
"176";"750";"16";"BMW"
"177";"760";"16";"BMW"
"178";"840";"16";"BMW"
"179";"850";"16";"BMW"
"180";"I3";"16";"BMW"
"181";"I8";"16";"BMW"
"182";"IX";"16";"BMW"
"183";"L7";"16";"BMW"
"184";"M2";"16";"BMW"
"185";"M3";"16";"BMW"
"186";"M4";"16";"BMW"
"187";"M5";"16";"BMW"
"188";"M535";"16";"BMW"
"189";"M6";"16";"BMW"
"190";"M635";"16";"BMW"
"191";"M8";"16";"BMW"
"192";"SERIE 1";"16";"BMW"
"193";"SERIE 1 II";"16";"BMW"
"194";"SERIE 1 III";"16";"BMW"
"195";"SERIE 2";"16";"BMW"
"196";"SERIE 2 II";"16";"BMW"
"197";"SERIE 3";"16";"BMW"
"198";"SERIE 3 (SUITE)";"16";"BMW"
"199";"SERIE 3 VI";"16";"BMW"
"200";"SERIE 3 VII";"16";"BMW"
"201";"SERIE 4";"16";"BMW"
"202";"SERIE 4 II";"16";"BMW"
"203";"SERIE 5";"16";"BMW"
"204";"SERIE 6";"16";"BMW"
"205";"SERIE 7";"16";"BMW"
"206";"SERIE 8";"16";"BMW"
"207";"X1";"16";"BMW"
"208";"X2";"16";"BMW"
"209";"X3";"16";"BMW"
"210";"X4";"16";"BMW"
"211";"X4 II";"16";"BMW"
"212";"X5";"16";"BMW"
"213";"X5 IV";"16";"BMW"
"214";"X6";"16";"BMW"
"215";"X6 III";"16";"BMW"
"216";"X7";"16";"BMW"
"217";"Z1";"16";"BMW"
"218";"Z3";"16";"BMW"
"219";"Z4";"16";"BMW"
"220";"Z8";"16";"BMW"
"221";"PARKAVENUE";"17";"BUICK"
"222";"CTS";"18";"CADILLAC"
"223";"ELDORADO";"18";"CADILLAC"
"224";"ESCALADE";"18";"CADILLAC"
"225";"SEVILLE";"18";"CADILLAC"
"226";"ALERO";"19";"CHEVROLET"
"227";"AVEO";"19";"CHEVROLET"
"228";"BERETTA";"19";"CHEVROLET"
"229";"BLAZER";"19";"CHEVROLET"
"230";"CAMARO";"19";"CHEVROLET"
"231";"CAPTIVA";"19";"CHEVROLET"
"232";"CORSICA";"19";"CHEVROLET"
"233";"CORVETTE";"19";"CHEVROLET"
"234";"CRUZE";"19";"CHEVROLET"
"235";"EPICA";"19";"CHEVROLET"
"236";"EVANDA";"19";"CHEVROLET"
"237";"KALOS";"19";"CHEVROLET"
"238";"LACETTI";"19";"CHEVROLET"
"239";"MALIBU";"19";"CHEVROLET"
"240";"MATIZ";"19";"CHEVROLET"
"241";"NUBIRA";"19";"CHEVROLET"
"242";"ORLANDO";"19";"CHEVROLET"
"243";"REZZO";"19";"CHEVROLET"
"244";"SPARK";"19";"CHEVROLET"
"245";"TRANS SPORT";"19";"CHEVROLET"
"246";"TRAX";"19";"CHEVROLET"
"247";"VOLT";"19";"CHEVROLET"
"248";"300C";"20";"CHRYSLER"
"249";"300M";"20";"CHRYSLER"
"250";"CROSSFIRE";"20";"CHRYSLER"
"251";"ES";"20";"CHRYSLER"
"252";"GRAND VOYAGER";"20";"CHRYSLER"
"253";"LE BARON";"20";"CHRYSLER"
"254";"NEON";"20";"CHRYSLER"
"255";"NEW YORKER";"20";"CHRYSLER"
"256";"PT CRUISER";"20";"CHRYSLER"
"257";"SARATOGA";"20";"CHRYSLER"
"258";"SEBRING";"20";"CHRYSLER"
"259";"STRATUS";"20";"CHRYSLER"
"260";"VIPER";"20";"CHRYSLER"
"261";"VISION";"20";"CHRYSLER"
"262";"VOYAGER";"20";"CHRYSLER"
"263";"2 CV";"21";"CITROEN"
"264";"ACADIANE";"21";"CITROEN"
"265";"AK";"21";"CITROEN"
"266";"AMI";"21";"CITROEN"
"267";"AX";"21";"CITROEN"
"268";"AXEL";"21";"CITROEN"
"269";"AZU";"21";"CITROEN"
"270";"BERLINGO";"21";"CITROEN"
"271";"BERLINGO II";"21";"CITROEN"
"272";"BERLINGO III";"21";"CITROEN"
"273";"BX";"21";"CITROEN"
"274";"C-CROSSER";"21";"CITROEN"
"275";"C-ELYSEE";"21";"CITROEN"
"276";"C-ZERO";"21";"CITROEN"
"277";"C1";"21";"CITROEN"
"278";"C15";"21";"CITROEN"
"279";"C2";"21";"CITROEN"
"280";"C25";"21";"CITROEN"
"281";"C25 COMBI";"21";"CITROEN"
"282";"C3";"21";"CITROEN"
"283";"C3 AIRCROSS";"21";"CITROEN"
"284";"C3 II";"21";"CITROEN"
"285";"C3 III";"21";"CITROEN"
"286";"C3 PICASSO";"21";"CITROEN"
"287";"C3 PLURIEL";"21";"CITROEN"
"288";"C35";"21";"CITROEN"
"289";"C4";"21";"CITROEN"
"290";"C4 AIRCROSS";"21";"CITROEN"
"291";"C4 CACTUS";"21";"CITROEN"
"292";"C4 II";"21";"CITROEN"
"293";"C4 III";"21";"CITROEN"
"294";"C4 PICASSO";"21";"CITROEN"
"295";"C4 PICASSO II";"21";"CITROEN"
"296";"C4 SPACETOURER";"21";"CITROEN"
"297";"C5";"21";"CITROEN"
"298";"C5 AIRCROSS";"21";"CITROEN"
"299";"C5 II";"21";"CITROEN"
"300";"C5 II TOURER";"21";"CITROEN"
"301";"C5 X";"21";"CITROEN"
"302";"C6";"21";"CITROEN"
"303";"C8";"21";"CITROEN"
"304";"CX";"21";"CITROEN"
"305";"CX SERIE2";"21";"CITROEN"
"306";"D";"21";"CITROEN"
"307";"DANGEL C15";"21";"CITROEN"
"308";"DANGEL C25";"21";"CITROEN"
"309";"DS";"21";"CITROEN"
"310";"DS3";"21";"CITROEN"
"311";"DS4";"21";"CITROEN"
"312";"DS5";"21";"CITROEN"
"313";"DYANE";"21";"CITROEN"
"314";"EVASION";"21";"CITROEN"
"315";"GS";"21";"CITROEN"
"316";"GSA";"21";"CITROEN"
"317";"HY";"21";"CITROEN"
"318";"ID";"21";"CITROEN"
"319";"JUMPER";"21";"CITROEN"
"320";"JUMPY";"21";"CITROEN"
"321";"KATAR";"21";"CITROEN"
"322";"LN";"21";"CITROEN"
"323";"LNA";"21";"CITROEN"
"324";"MEHARI";"21";"CITROEN"
"325";"NEMO";"21";"CITROEN"
"326";"SAXO";"21";"CITROEN"
"327";"SM";"21";"CITROEN"
"328";"SPACETOURER";"21";"CITROEN"
"329";"TANGARA";"21";"CITROEN"
"330";"TRACTION";"21";"CITROEN"
"331";"VISA";"21";"CITROEN"
"332";"XANTIA";"21";"CITROEN"
"333";"XM";"21";"CITROEN"
"334";"XSARA";"21";"CITROEN"
"335";"XSARA PICASSO";"21";"CITROEN"
"336";"ZX";"21";"CITROEN"
"337";"C-ZEN";"22";"COURB"
"338";"ATECA";"23";"CUPRA"
"339";"FORMENTOR";"23";"CUPRA"
"340";"LEON";"23";"CUPRA"
"341";"DOKKER";"24";"DACIA"
"342";"DUSTER";"24";"DACIA"
"343";"LODGY";"24";"DACIA"
"344";"LOGAN";"24";"DACIA"
"345";"SANDERO";"24";"DACIA"
"346";"SANDERO III";"24";"DACIA"
"347";"SPRING";"24";"DACIA"
"348";"ESPERO";"25";"DAEWOO"
"349";"EVANDA";"25";"DAEWOO"
"350";"KALOS";"25";"DAEWOO"
"351";"KORANDO";"25";"DAEWOO"
"352";"LACETTI";"25";"DAEWOO"
"353";"LANOS";"25";"DAEWOO"
"354";"LEGANZA";"25";"DAEWOO"
"355";"MATIZ";"25";"DAEWOO"
"356";"MUSSO";"25";"DAEWOO"
"357";"NEXIA";"25";"DAEWOO"
"358";"NUBIRA";"25";"DAEWOO"
"359";"REXTON";"25";"DAEWOO"
"360";"REZZO";"25";"DAEWOO"
"361";"33";"26";"DAF"
"362";"400";"26";"DAF"
"363";"44";"26";"DAF"
"364";"46";"26";"DAF"
"365";"55";"26";"DAF"
"366";"66";"26";"DAF"
"367";"VA400";"26";"DAF"
"368";"VH400";"26";"DAF"
"369";"APPLAUSE";"27";"DAIHATSU"
"370";"CHARADE";"27";"DAIHATSU"
"371";"COPEN";"27";"DAIHATSU"
"372";"CUORE";"27";"DAIHATSU"
"373";"DOMINO";"27";"DAIHATSU"
"374";"FEROZA";"27";"DAIHATSU"
"375";"GRAN MOVE";"27";"DAIHATSU"
"376";"HIJET";"27";"DAIHATSU"
"377";"MATERIA";"27";"DAIHATSU"
"378";"MOVE";"27";"DAIHATSU"
"379";"ROCKY";"27";"DAIHATSU"
"380";"SIRION";"27";"DAIHATSU"
"381";"TERIOS";"27";"DAIHATSU"
"382";"TREVIS";"27";"DAIHATSU"
"383";"YRV";"27";"DAIHATSU"
"384";"DAIMLER";"28";"DAIMLER"
"385";"100";"29";"DATSUN"
"386";"120";"29";"DATSUN"
"387";"1600";"29";"DATSUN"
"388";"180";"29";"DATSUN"
"389";"200";"29";"DATSUN"
"390";"220";"29";"DATSUN"
"391";"260";"29";"DATSUN"
"392";"280";"29";"DATSUN"
"393";"BLUEBIRD";"29";"DATSUN"
"394";"CEDRIC";"29";"DATSUN"
"395";"CHERRY";"29";"DATSUN"
"396";"KING-CAB";"29";"DATSUN"
"397";"LAUREL";"29";"DATSUN"
"398";"PATROL";"29";"DATSUN"
"399";"PICK-UP";"29";"DATSUN"
"400";"SILVIA";"29";"DATSUN"
"401";"STANZA";"29";"DATSUN"
"402";"SUNNY";"29";"DATSUN"
"403";"VIOLET";"29";"DATSUN"
"404";"SERES 3";"30";"DFSK"
"405";"AVENGER";"31";"DODGE"
"406";"CALIBER";"31";"DODGE"
"407";"JOURNEY";"31";"DODGE"
"408";"NITRO";"31";"DODGE"
"409";"DS3";"32";"DS"
"410";"DS3 CROSSBACK";"32";"DS"
"411";"DS4";"32";"DS"
"412";"DS4 II";"32";"DS"
"413";"DS5";"32";"DS"
"414";"DS7 CROSSBACK";"32";"DS"
"415";"DS9";"32";"DS"
"416";"F275";"33";"EBRO"
"417";"F350";"33";"EBRO"
"418";"JX20";"33";"EBRO"
"419";"JX28";"33";"EBRO"
"420";"PATROL";"33";"EBRO"
"421";"TRADE";"33";"EBRO"
"422";"VANETTE";"33";"EBRO"
"423";"124";"34";"FIAT"
"424";"124 SPIDER";"34";"FIAT"
"425";"126";"34";"FIAT"
"426";"127";"34";"FIAT"
"427";"128";"34";"FIAT"
"428";"130";"34";"FIAT"
"429";"131";"34";"FIAT"
"430";"132";"34";"FIAT"
"431";"133";"34";"FIAT"
"432";"238";"34";"FIAT"
"433";"4X4 CROSS";"34";"FIAT"
"434";"500";"34";"FIAT"
"435";"500 III";"34";"FIAT"
"436";"500L";"34";"FIAT"
"437";"500X";"34";"FIAT"
"438";"600";"34";"FIAT"
"439";"850";"34";"FIAT"
"440";"900";"34";"FIAT"
"441";"ARGENTA";"34";"FIAT"
"442";"BARCHETTA";"34";"FIAT"
"443";"BRAVA";"34";"FIAT"
"444";"BRAVO";"34";"FIAT"
"445";"BRAVO II";"34";"FIAT"
"446";"CINQUECENTO";"34";"FIAT"
"447";"COUPE";"34";"FIAT"
"448";"CROMA";"34";"FIAT"
"449";"DOBLO";"34";"FIAT"
"450";"DUCATO";"34";"FIAT"
"451";"FIORINO";"34";"FIAT"
"452";"FIORINO QUBO";"34";"FIAT"
"453";"FREEMONT";"34";"FIAT"
"454";"FULLBACK";"34";"FIAT"
"455";"GRANDE PUNTO";"34";"FIAT"
"456";"IDEA";"34";"FIAT"
"457";"MAREA";"34";"FIAT"
"458";"MULTIPLA";"34";"FIAT"
"459";"PALIO";"34";"FIAT"
"460";"PANDA";"34";"FIAT"
"461";"PININFARINA";"34";"FIAT"
"462";"PUNTO";"34";"FIAT"
"463";"PUNTO EVO";"34";"FIAT"
"464";"REGATA";"34";"FIAT"
"465";"RITMO";"34";"FIAT"
"466";"SCUDO";"34";"FIAT"
"467";"SEDICI";"34";"FIAT"
"468";"SEICENTO";"34";"FIAT"
"469";"STILO";"34";"FIAT"
"470";"STRADA";"34";"FIAT"
"471";"TALENTO";"34";"FIAT"
"472";"TEMPRA";"34";"FIAT"
"473";"TIPO";"34";"FIAT"
"474";"ULYSSE";"34";"FIAT"
"475";"UNO";"34";"FIAT"
"476";"X1\/9";"34";"FIAT"
"477";"KARMA";"35";"FISKER"
"478";"A0406";"36";"FORD"
"479";"A0407";"36";"FORD"
"480";"A0408";"36";"FORD"
"481";"A0409";"36";"FORD"
"482";"A0410";"36";"FORD"
"483";"AEROSTAR";"36";"FORD"
"484";"ANGLIA";"36";"FORD"
"485";"B-MAX";"36";"FORD"
"486";"CAPRI";"36";"FORD"
"487";"CONSUL";"36";"FORD"
"488";"CORTINA";"36";"FORD"
"489";"COUGAR";"36";"FORD"
"490";"COURRIER";"36";"FORD"
"491";"ECOSPORT";"36";"FORD"
"492";"EDGE";"36";"FORD"
"493";"ESCORT";"36";"FORD"
"494";"EXPLORER";"36";"FORD"
"495";"FIESTA";"36";"FORD"
"496";"FOCUS";"36";"FORD"
"497";"FOCUS C-MAX";"36";"FORD"
"498";"FOCUS IV";"36";"FORD"
"499";"FUSION";"36";"FORD"
"500";"GALAXY";"36";"FORD"
"501";"GRANADA";"36";"FORD"
"502";"KA";"36";"FORD"
"503";"KA+";"36";"FORD"
"504";"KUGA";"36";"FORD"
"505";"KUGA III";"36";"FORD"
"506";"MAVERICK";"36";"FORD"
"507";"MONDEO";"36";"FORD"
"508";"MONDEO*";"36";"FORD"
"509";"MUSTANG";"36";"FORD"
"510";"MUSTANG MACH-E";"36";"FORD"
"511";"ORION";"36";"FORD"
"512";"P 100";"36";"FORD"
"513";"PROBE";"36";"FORD"
"514";"PUMA";"36";"FORD"
"515";"PUMA II";"36";"FORD"
"516";"RANGER";"36";"FORD"
"517";"S-MAX";"36";"FORD"
"518";"SCORPIO";"36";"FORD"
"519";"SIERRA";"36";"FORD"
"520";"TAUNUS";"36";"FORD"
"521";"TOURNEO";"36";"FORD"
"522";"TOURNEO CONNECT";"36";"FORD"
"523";"TOURNEO COURIER";"36";"FORD"
"524";"TOURNEO CUSTOM";"36";"FORD"
"525";"TRANSIT";"36";"FORD"
"526";"TRANSIT CONNECT";"36";"FORD"
"527";"TRANSIT COURIER";"36";"FORD"
"528";"TRANSIT CUSTOM";"36";"FORD"
"529";"TRANSIT VI";"36";"FORD"
"530";"125";"37";"FSO-POLSKI"
"531";"125P";"37";"FSO-POLSKI"
"532";"1500";"37";"FSO-POLSKI"
"533";"ATOU";"37";"FSO-POLSKI"
"534";"CARO";"37";"FSO-POLSKI"
"535";"LINDA";"37";"FSO-POLSKI"
"536";"POLONEZ";"37";"FSO-POLSKI"
"537";"TRUCK";"37";"FSO-POLSKI"
"538";"GA";"38";"GAC GONOW"
"539";"WAY";"38";"GAC GONOW"
"540";"MIDI";"39";"GME"
"541";"RASCAL";"39";"GME"
"542";"DALLAS";"40";"GRANDIN"
"543";"ACCORD";"41";"HONDA"
"544";"ACTY";"41";"HONDA"
"545";"CIVIC";"41";"HONDA"
"546";"CONCERTO";"41";"HONDA"
"547";"CR-Z";"41";"HONDA"
"548";"CRV";"41";"HONDA"
"549";"CRV V";"41";"HONDA"
"550";"CRX";"41";"HONDA"
"551";"FR-V";"41";"HONDA"
"552";"HONDA E";"41";"HONDA"
"553";"HR-V";"41";"HONDA"
"554";"INSIGHT";"41";"HONDA"
"555";"INTEGRA";"41";"HONDA"
"556";"JAZZ";"41";"HONDA"
"557";"JAZZ IV";"41";"HONDA"
"558";"LEGEND";"41";"HONDA"
"559";"LOGO";"41";"HONDA"
"560";"N360";"41";"HONDA"
"561";"NSX";"41";"HONDA"
"562";"PRELUDE";"41";"HONDA"
"563";"QUINTET";"41";"HONDA"
"564";"S2000";"41";"HONDA"
"565";"SHUTTLE";"41";"HONDA"
"566";"STREAM";"41";"HONDA"
"567";"ACCENT";"42";"HYUNDAI"
"568";"ATOS";"42";"HYUNDAI"
"569";"AZERA";"42";"HYUNDAI"
"570";"BAYON";"42";"HYUNDAI"
"571";"COUPE";"42";"HYUNDAI"
"572";"ELANTRA";"42";"HYUNDAI"
"573";"GALLOPER";"42";"HYUNDAI"
"574";"GENESIS";"42";"HYUNDAI"
"575";"GETZ";"42";"HYUNDAI"
"576";"H-1";"42";"HYUNDAI"
"577";"H100";"42";"HYUNDAI"
"578";"I10";"42";"HYUNDAI"
"579";"I10 III";"42";"HYUNDAI"
"580";"I20";"42";"HYUNDAI"
"581";"I20 III";"42";"HYUNDAI"
"582";"I30";"42";"HYUNDAI"
"583";"I40";"42";"HYUNDAI"
"584";"IONIQ";"42";"HYUNDAI"
"585";"IONIQ 5";"42";"HYUNDAI"
"586";"IX20";"42";"HYUNDAI"
"587";"IX35";"42";"HYUNDAI"
"588";"IX55";"42";"HYUNDAI"
"589";"KONA";"42";"HYUNDAI"
"590";"LANTRA";"42";"HYUNDAI"
"591";"MATRIX";"42";"HYUNDAI"
"592";"PONY";"42";"HYUNDAI"
"593";"SANTA FE";"42";"HYUNDAI"
"594";"SATELLITE";"42";"HYUNDAI"
"595";"SCOUPE";"42";"HYUNDAI"
"596";"SONATA";"42";"HYUNDAI"
"597";"TERRACAN";"42";"HYUNDAI"
"598";"TRAJET";"42";"HYUNDAI"
"599";"TUCSON";"42";"HYUNDAI"
"600";"TUCSON IV";"42";"HYUNDAI"
"601";"VELOSTER";"42";"HYUNDAI"
"602";"XG";"42";"HYUNDAI"
"603";"EX";"43";"INFINITI"
"604";"FX";"43";"INFINITI"
"605";"G";"43";"INFINITI"
"606";"M";"43";"INFINITI"
"607";"Q30";"43";"INFINITI"
"608";"Q50";"43";"INFINITI"
"609";"Q60";"43";"INFINITI"
"610";"Q70";"43";"INFINITI"
"611";"QX30";"43";"INFINITI"
"612";"QX50";"43";"INFINITI"
"613";"QX70";"43";"INFINITI"
"614";"1000";"44";"INNOCENTI"
"615";"1100";"44";"INNOCENTI"
"616";"2200";"44";"INNOCENTI"
"617";"500";"44";"INNOCENTI"
"618";"650";"44";"INNOCENTI"
"619";"90";"44";"INNOCENTI"
"620";"990";"44";"INNOCENTI"
"621";"DE TOMASO";"44";"INNOCENTI"
"622";"MINI";"44";"INNOCENTI"
"623";"MINIMATIC";"44";"INNOCENTI"
"624";"D-MAX";"45";"ISUZU"
"625";"SERIE N";"45";"ISUZU"
"626";"TROOPER";"45";"ISUZU"
"627";"DAILY";"46";"IVECO"
"628";"MASSIF";"46";"IVECO"
"629";"420";"47";"JAGUAR"
"630";"E";"47";"JAGUAR"
"631";"E-PACE";"47";"JAGUAR"
"632";"F-PACE";"47";"JAGUAR"
"633";"F-TYPE";"47";"JAGUAR"
"634";"I-PACE";"47";"JAGUAR"
"635";"S-TYPE";"47";"JAGUAR"
"636";"SOVEREIGN";"47";"JAGUAR"
"637";"V12";"47";"JAGUAR"
"638";"X-TYPE";"47";"JAGUAR"
"639";"XE";"47";"JAGUAR"
"640";"XF";"47";"JAGUAR"
"641";"XJ";"47";"JAGUAR"
"642";"XJ6";"47";"JAGUAR"
"643";"XJ8";"47";"JAGUAR"
"644";"XJR";"47";"JAGUAR"
"645";"XJS";"47";"JAGUAR"
"646";"XJSC";"47";"JAGUAR"
"647";"XK";"47";"JAGUAR"
"648";"XK8";"47";"JAGUAR"
"649";"CHEROKEE";"48";"JEEP"
"650";"COMMANDER";"48";"JEEP"
"651";"COMPASS";"48";"JEEP"
"652";"GRAND CHEROKEE";"48";"JEEP"
"653";"PATRIOT";"48";"JEEP"
"654";"RENEGADE";"48";"JEEP"
"655";"WRANGLER";"48";"JEEP"
"656";"WRANGLER IV";"48";"JEEP"
"657";"BESTA";"49";"KIA"
"658";"CARENS";"49";"KIA"
"659";"CARNIVAL";"49";"KIA"
"660";"CEED";"49";"KIA"
"661";"CEED III";"49";"KIA"
"662";"CERATO";"49";"KIA"
"663";"CLARUS";"49";"KIA"
"664";"E-SOUL";"49";"KIA"
"665";"MAGENTIS";"49";"KIA"
"666";"NIRO";"49";"KIA"
"667";"OPIRUS";"49";"KIA"
"668";"OPTIMA";"49";"KIA"
"669";"PICANTO";"49";"KIA"
"670";"PREGIO";"49";"KIA"
"671";"PRIDE";"49";"KIA"
"672";"RIO";"49";"KIA"
"673";"SEPHIA";"49";"KIA"
"674";"SHUMA";"49";"KIA"
"675";"SORENTO";"49";"KIA"
"676";"SORENTO IV";"49";"KIA"
"677";"SOUL";"49";"KIA"
"678";"SPORTAGE";"49";"KIA"
"679";"STINGER";"49";"KIA"
"680";"STONIC";"49";"KIA"
"681";"VENGA";"49";"KIA"
"682";"110";"50";"LADA"
"683";"111";"50";"LADA"
"684";"1118";"50";"LADA"
"685";"112";"50";"LADA"
"686";"1200";"50";"LADA"
"687";"1300";"50";"LADA"
"688";"1500";"50";"LADA"
"689";"1600";"50";"LADA"
"690";"GRANTA";"50";"LADA"
"691";"KALINA";"50";"LADA"
"692";"KALINKA";"50";"LADA"
"693";"NIVA";"50";"LADA"
"694";"PRIORA";"50";"LADA"
"695";"SAGONA";"50";"LADA"
"696";"SAMARA";"50";"LADA"
"697";"BETA";"51";"LANCIA"
"698";"DEDRA";"51";"LANCIA"
"699";"DELTA";"51";"LANCIA"
"700";"FLAMINIA";"51";"LANCIA"
"701";"FLAVIA";"51";"LANCIA"
"702";"FULVIA";"51";"LANCIA"
"703";"GAMMA";"51";"LANCIA"
"704";"KAPPA";"51";"LANCIA"
"705";"LYBRA";"51";"LANCIA"
"706";"MUSA";"51";"LANCIA"
"707";"PHEDRA";"51";"LANCIA"
"708";"PRISMA";"51";"LANCIA"
"709";"THEMA";"51";"LANCIA"
"710";"THESIS";"51";"LANCIA"
"711";"TREVI";"51";"LANCIA"
"712";"VOYAGER";"51";"LANCIA"
"713";"Y";"51";"LANCIA"
"714";"Y10";"51";"LANCIA"
"715";"YPSILON";"51";"LANCIA"
"716";"ZETA";"51";"LANCIA"
"717";"110";"52";"LAND ROVER"
"718";"88";"52";"LAND ROVER"
"719";"90";"52";"LAND ROVER"
"720";"DEFENDER";"52";"LAND ROVER"
"721";"DEFENDER II";"52";"LAND ROVER"
"722";"DISCOVERY";"52";"LAND ROVER"
"723";"DISCOVERY SPORT";"52";"LAND ROVER"
"724";"EVOQUE";"52";"LAND ROVER"
"725";"EVOQUE II";"52";"LAND ROVER"
"726";"FREELANDER";"52";"LAND ROVER"
"727";"RANGE 4X4";"52";"LAND ROVER"
"728";"RANGE ROVER SPORT";"52";"LAND ROVER"
"729";"VELAR";"52";"LAND ROVER"
"730";"CONVOY";"53";"LDV"
"731";"CT";"54";"LEXUS"
"732";"ES";"54";"LEXUS"
"733";"GS";"54";"LEXUS"
"734";"IS";"54";"LEXUS"
"735";"IS SPORTCROSS";"54";"LEXUS"
"736";"LC";"54";"LEXUS"
"737";"LFA";"54";"LEXUS"
"738";"LS";"54";"LEXUS"
"739";"LS II";"54";"LEXUS"
"740";"NX";"54";"LEXUS"
"741";"RC";"54";"LEXUS"
"742";"RX";"54";"LEXUS"
"743";"SC";"54";"LEXUS"
"744";"UX";"54";"LEXUS"
"745";"ELAN";"55";"LOTUS"
"746";"ELISE";"55";"LOTUS"
"747";"ESPRIT";"55";"LOTUS"
"748";"EUROPA";"55";"LOTUS"
"749";"EXIGE";"55";"LOTUS"
"750";"OMEGA";"55";"LOTUS"
"751";"01";"56";"LYNK&CO"
"752";"BOLERO";"57";"MAHINDRA"
"753";"CJ";"57";"MAHINDRA"
"754";"GOA";"57";"MAHINDRA"
"755";"TGE";"58";"MAN"
"756";"800";"59";"MARUTI"
"757";"COUPE";"60";"MASERATI"
"758";"GHIBLI";"60";"MASERATI"
"759";"GRANCABRIO";"60";"MASERATI"
"760";"GRANSPORT";"60";"MASERATI"
"761";"GRANTURISMO";"60";"MASERATI"
"762";"QUATTROPORTE";"60";"MASERATI"
"763";"BAGHEERA";"61";"MATRA"
"764";"M530";"61";"MATRA"
"765";"MURENA";"61";"MATRA"
"766";"RANCHO";"61";"MATRA"
"767";"1000";"62";"MAZDA"
"768";"1200";"62";"MAZDA"
"769";"121";"62";"MAZDA"
"770";"1800";"62";"MAZDA"
"771";"323";"62";"MAZDA"
"772";"616";"62";"MAZDA"
"773";"626";"62";"MAZDA"
"774";"818";"62";"MAZDA"
"775";"929";"62";"MAZDA"
"776";"BONGO";"62";"MAZDA"
"777";"BT50";"62";"MAZDA"
"778";"CX-3";"62";"MAZDA"
"779";"CX-30";"62";"MAZDA"
"780";"CX-5";"62";"MAZDA"
"781";"CX-7";"62";"MAZDA"
"782";"DEMIO";"62";"MAZDA"
"783";"E2200";"62";"MAZDA"
"784";"MAZDA2";"62";"MAZDA"
"785";"MAZDA3";"62";"MAZDA"
"786";"MAZDA3 IV";"62";"MAZDA"
"787";"MAZDA5";"62";"MAZDA"
"788";"MAZDA6";"62";"MAZDA"
"789";"MINIBUS";"62";"MAZDA"
"790";"MPV";"62";"MAZDA"
"791";"MX-30";"62";"MAZDA"
"792";"MX3";"62";"MAZDA"
"793";"MX5";"62";"MAZDA"
"794";"MX6";"62";"MAZDA"
"795";"PICK-UP";"62";"MAZDA"
"796";"PREMACY";"62";"MAZDA"
"797";"R100";"62";"MAZDA"
"798";"RX2";"62";"MAZDA"
"799";"RX3";"62";"MAZDA"
"800";"RX5";"62";"MAZDA"
"801";"RX7";"62";"MAZDA"
"802";"RX8";"62";"MAZDA"
"803";"T2500";"62";"MAZDA"
"804";"TRIBUTE";"62";"MAZDA"
"805";"XEDOS 6";"62";"MAZDA"
"806";"XEDOS 9";"62";"MAZDA"
"807";"SMART";"63";"MCC"
"808";"CABRIOLET";"64";"MEGA"
"809";"CLUB";"64";"MEGA"
"810";"CONCEPT";"64";"MEGA"
"811";"FOURGON";"64";"MEGA"
"812";"RANCH";"64";"MEGA"
"813";"190";"65";"MERCEDES"
"814";"200";"65";"MERCEDES"
"815";"206";"65";"MERCEDES"
"816";"207";"65";"MERCEDES"
"817";"208";"65";"MERCEDES"
"818";"209";"65";"MERCEDES"
"819";"210";"65";"MERCEDES"
"820";"220";"65";"MERCEDES"
"821";"230";"65";"MERCEDES"
"822";"240";"65";"MERCEDES"
"823";"250";"65";"MERCEDES"
"824";"260";"65";"MERCEDES"
"825";"280";"65";"MERCEDES"
"826";"300";"65";"MERCEDES"
"827";"306";"65";"MERCEDES"
"828";"307";"65";"MERCEDES"
"829";"308";"65";"MERCEDES"
"830";"309";"65";"MERCEDES"
"831";"310";"65";"MERCEDES"
"832";"320";"65";"MERCEDES"
"833";"350";"65";"MERCEDES"
"834";"400";"65";"MERCEDES"
"835";"406";"65";"MERCEDES"
"836";"407";"65";"MERCEDES"
"837";"408";"65";"MERCEDES"
"838";"409";"65";"MERCEDES"
"839";"410";"65";"MERCEDES"
"840";"420";"65";"MERCEDES"
"841";"450";"65";"MERCEDES"
"842";"500";"65";"MERCEDES"
"843";"507";"65";"MERCEDES"
"844";"508";"65";"MERCEDES"
"845";"560";"65";"MERCEDES"
"846";"600";"65";"MERCEDES"
"847";"609";"65";"MERCEDES"
"848";"611";"65";"MERCEDES"
"849";"CITAN";"65";"MERCEDES"
"850";"CLASSE A";"65";"MERCEDES"
"851";"CLASSE A IV";"65";"MERCEDES"
"852";"CLASSE B";"65";"MERCEDES"
"853";"CLASSE B III";"65";"MERCEDES"
"854";"CLASSE C";"65";"MERCEDES"
"855";"CLASSE C III";"65";"MERCEDES"
"856";"CLASSE C IV";"65";"MERCEDES"
"857";"CLASSE C V";"65";"MERCEDES"
"858";"CLASSE CL";"65";"MERCEDES"
"859";"CLASSE CLA";"65";"MERCEDES"
"860";"CLASSE CLA II";"65";"MERCEDES"
"861";"CLASSE CLC";"65";"MERCEDES"
"862";"CLASSE CLK";"65";"MERCEDES"
"863";"CLASSE CLS";"65";"MERCEDES"
"864";"CLASSE E";"65";"MERCEDES"
"865";"CLASSE E IV";"65";"MERCEDES"
"866";"CLASSE E V";"65";"MERCEDES"
"867";"CLASSE EQA";"65";"MERCEDES"
"868";"CLASSE EQC";"65";"MERCEDES"
"869";"CLASSE EQV";"65";"MERCEDES"
"870";"CLASSE G";"65";"MERCEDES"
"871";"CLASSE G II";"65";"MERCEDES"
"872";"CLASSE GL";"65";"MERCEDES"
"873";"CLASSE GLA";"65";"MERCEDES"
"874";"CLASSE GLA II";"65";"MERCEDES"
"875";"CLASSE GLB";"65";"MERCEDES"
"876";"CLASSE GLC";"65";"MERCEDES"
"877";"CLASSE GLE";"65";"MERCEDES"
"878";"CLASSE GLE II";"65";"MERCEDES"
"879";"CLASSE GLK";"65";"MERCEDES"
"880";"CLASSE GLS";"65";"MERCEDES"
"881";"CLASSE GLS II";"65";"MERCEDES"
"882";"CLASSE M";"65";"MERCEDES"
"883";"CLASSE R";"65";"MERCEDES"
"884";"CLASSE S";"65";"MERCEDES"
"885";"CLASSE S V";"65";"MERCEDES"
"886";"CLASSE SL";"65";"MERCEDES"
"887";"CLASSE SLC";"65";"MERCEDES"
"888";"CLASSE SLK";"65";"MERCEDES"
"889";"CLASSE SLS";"65";"MERCEDES"
"890";"CLASSE V";"65";"MERCEDES"
"891";"CLASSE X";"65";"MERCEDES"
"892";"GT";"65";"MERCEDES"
"893";"MB100";"65";"MERCEDES"
"894";"SPRINTER";"65";"MERCEDES"
"895";"VANEO";"65";"MERCEDES"
"896";"VARIO PLUS";"65";"MERCEDES"
"897";"VIANO";"65";"MERCEDES"
"898";"VITO";"65";"MERCEDES"
"899";"F";"66";"MG"
"900";"TF";"66";"MG"
"901";"ZR";"66";"MG"
"902";"ZS";"66";"MG"
"903";"ZS EV";"66";"MG"
"904";"ZT";"66";"MG"
"905";"ELECTRIC";"67";"MIA"
"906";"COUNTRYMAN";"68";"MINI"
"907";"MINI";"68";"MINI"
"908";"MINI CLUBMAN";"68";"MINI"
"909";"PACEMAN";"68";"MINI"
"910";"3000";"69";"MITSUBISHI"
"911";"ASX";"69";"MITSUBISHI"
"912";"CANTER";"69";"MITSUBISHI"
"913";"CARISMA";"69";"MITSUBISHI"
"914";"COLT";"69";"MITSUBISHI"
"915";"ECLIPSE CROSS";"69";"MITSUBISHI"
"916";"ESTATE";"69";"MITSUBISHI"
"917";"GALANT";"69";"MITSUBISHI"
"918";"GRANDIS";"69";"MITSUBISHI"
"919";"I-MIEV";"69";"MITSUBISHI"
"920";"L200";"69";"MITSUBISHI"
"921";"LANCER";"69";"MITSUBISHI"
"922";"MONTERO";"69";"MITSUBISHI"
"923";"OUTLANDER";"69";"MITSUBISHI"
"924";"PAJERO";"69";"MITSUBISHI"
"925";"SAPPORO";"69";"MITSUBISHI"
"926";"SPACE RUNNER";"69";"MITSUBISHI"
"927";"SPACE STAR";"69";"MITSUBISHI"
"928";"SPACE STAR II";"69";"MITSUBISHI"
"929";"SPACE WAGON";"69";"MITSUBISHI"
"930";"PS160";"70";"MPM MOTORS"
"931";"100 NX";"71";"NISSAN"
"932";"200 SX";"71";"NISSAN"
"933";"300 ZX";"71";"NISSAN"
"934";"350 Z";"71";"NISSAN"
"935";"370 Z";"71";"NISSAN"
"936";"ALMERA";"71";"NISSAN"
"937";"ALMERA TINO";"71";"NISSAN"
"938";"ATLEON";"71";"NISSAN"
"939";"BLUEBIRD";"71";"NISSAN"
"940";"CABSTAR";"71";"NISSAN"
"941";"CEDRIC";"71";"NISSAN"
"942";"CUBE";"71";"NISSAN"
"943";"ECO T100";"71";"NISSAN"
"944";"GT-R";"71";"NISSAN"
"945";"INTERSTAR";"71";"NISSAN"
"946";"JUKE";"71";"NISSAN"
"947";"JUKE II";"71";"NISSAN"
"948";"KING-CAB";"71";"NISSAN"
"949";"KUBISTAR";"71";"NISSAN"
"950";"L35";"71";"NISSAN"
"951";"LEAF";"71";"NISSAN"
"952";"MAXIMA";"71";"NISSAN"
"953";"MAXIMA QX";"71";"NISSAN"
"954";"MICRA";"71";"NISSAN"
"955";"MURANO";"71";"NISSAN"
"956";"NAVARA";"71";"NISSAN"
"957";"NOTE";"71";"NISSAN"
"958";"NP300";"71";"NISSAN"
"959";"NV200";"71";"NISSAN"
"960";"NV250";"71";"NISSAN"
"961";"NV300";"71";"NISSAN"
"962";"NV400";"71";"NISSAN"
"963";"PATHFINDER";"71";"NISSAN"
"964";"PATROL";"71";"NISSAN"
"965";"PICK-UP";"71";"NISSAN"
"966";"PIXO";"71";"NISSAN"
"967";"PRAIRIE";"71";"NISSAN"
"968";"PRIMASTAR";"71";"NISSAN"
"969";"PRIMERA";"71";"NISSAN"
"970";"PULSAR";"71";"NISSAN"
"971";"QASHQAI";"71";"NISSAN"
"972";"QASHQAI III";"71";"NISSAN"
"973";"SERENA";"71";"NISSAN"
"974";"SILVIA";"71";"NISSAN"
"975";"STANZA";"71";"NISSAN"
"976";"SUNNY";"71";"NISSAN"
"977";"TERRANO";"71";"NISSAN"
"978";"TERRANO II";"71";"NISSAN"
"979";"TINO";"71";"NISSAN"
"980";"TRADE";"71";"NISSAN"
"981";"URVAN";"71";"NISSAN"
"982";"VANETTE";"71";"NISSAN"
"983";"X-TRAIL";"71";"NISSAN"
"984";"ADAM";"72";"OPEL"
"985";"ADMIRAL";"72";"OPEL"
"986";"AGILA";"72";"OPEL"
"987";"AMPERA";"72";"OPEL"
"988";"ANTARA";"72";"OPEL"
"989";"ASCONA";"72";"OPEL"
"990";"ASTRA";"72";"OPEL"
"991";"CABRIO";"72";"OPEL"
"992";"CALIBRA";"72";"OPEL"
"993";"CAMPO";"72";"OPEL"
"994";"CASCADA";"72";"OPEL"
"995";"CITY";"72";"OPEL"
"996";"COMBO";"72";"OPEL"
"997";"COMBO III";"72";"OPEL"
"998";"COMBO LIFE";"72";"OPEL"
"999";"COMMODORE";"72";"OPEL"
"1000";"CORSA";"72";"OPEL"
"1001";"CORSA VI";"72";"OPEL"
"1002";"CORSAVAN";"72";"OPEL"
"1003";"CROSSLAND X";"72";"OPEL"
"1004";"DIPLOMAT";"72";"OPEL"
"1005";"FRONTERA";"72";"OPEL"
"1006";"GRANDLAND X";"72";"OPEL"
"1007";"GT";"72";"OPEL"
"1008";"INSIGNIA";"72";"OPEL"
"1009";"KADETT";"72";"OPEL"
"1010";"KAPITAN";"72";"OPEL"
"1011";"KARL";"72";"OPEL"
"1012";"MANTA";"72";"OPEL"
"1013";"MERIVA";"72";"OPEL"
"1014";"MOKKA";"72";"OPEL"
"1015";"MOKKA II";"72";"OPEL"
"1016";"MONTEREY";"72";"OPEL"
"1017";"MONZA";"72";"OPEL"
"1018";"MOVANO";"72";"OPEL"
"1019";"OMEGA";"72";"OPEL"
"1020";"REKORD";"72";"OPEL"
"1021";"SENATOR";"72";"OPEL"
"1022";"SIGNUM";"72";"OPEL"
"1023";"SINTRA";"72";"OPEL"
"1024";"SPEEDSTER";"72";"OPEL"
"1025";"TIGRA";"72";"OPEL"
"1026";"VECTRA";"72";"OPEL"
"1027";"VIVARO";"72";"OPEL"
"1028";"VIVARO III";"72";"OPEL"
"1029";"ZAFIRA";"72";"OPEL"
"1030";"ZAFIRA LIFE";"72";"OPEL"
"1031";"24";"73";"PANHARD"
"1032";"DYNA";"73";"PANHARD"
"1033";"PL";"73";"PANHARD"
"1034";"1007";"74";"PEUGEOT"
"1035";"104";"74";"PEUGEOT"
"1036";"106";"74";"PEUGEOT"
"1037";"107";"74";"PEUGEOT"
"1038";"108";"74";"PEUGEOT"
"1039";"2008";"74";"PEUGEOT"
"1040";"2008 II";"74";"PEUGEOT"
"1041";"203";"74";"PEUGEOT"
"1042";"204";"74";"PEUGEOT"
"1043";"205";"74";"PEUGEOT"
"1044";"206";"74";"PEUGEOT"
"1045";"207";"74";"PEUGEOT"
"1046";"208";"74";"PEUGEOT"
"1047";"208 II";"74";"PEUGEOT"
"1048";"3008";"74";"PEUGEOT"
"1049";"304";"74";"PEUGEOT"
"1050";"305";"74";"PEUGEOT"
"1051";"306";"74";"PEUGEOT"
"1052";"307";"74";"PEUGEOT"
"1053";"308";"74";"PEUGEOT"
"1054";"308 III";"74";"PEUGEOT"
"1055";"309";"74";"PEUGEOT"
"1056";"4007";"74";"PEUGEOT"
"1057";"4008";"74";"PEUGEOT"
"1058";"403";"74";"PEUGEOT"
"1059";"404";"74";"PEUGEOT"
"1060";"405";"74";"PEUGEOT"
"1061";"406";"74";"PEUGEOT"
"1062";"407";"74";"PEUGEOT"
"1063";"5008";"74";"PEUGEOT"
"1064";"504";"74";"PEUGEOT"
"1065";"505";"74";"PEUGEOT"
"1066";"508";"74";"PEUGEOT"
"1067";"508 II";"74";"PEUGEOT"
"1068";"604";"74";"PEUGEOT"
"1069";"605";"74";"PEUGEOT"
"1070";"607";"74";"PEUGEOT"
"1071";"806";"74";"PEUGEOT"
"1072";"807";"74";"PEUGEOT"
"1073";"BIPPER";"74";"PEUGEOT"
"1074";"BOXER";"74";"PEUGEOT"
"1075";"BOXER*";"74";"PEUGEOT"
"1076";"DANGEL 504";"74";"PEUGEOT"
"1077";"DANGEL 505";"74";"PEUGEOT"
"1078";"DANGEL J5";"74";"PEUGEOT"
"1079";"EXPERT";"74";"PEUGEOT"
"1080";"ION";"74";"PEUGEOT"
"1081";"J5";"74";"PEUGEOT"
"1082";"J5 COMBI";"74";"PEUGEOT"
"1083";"J7";"74";"PEUGEOT"
"1084";"J9";"74";"PEUGEOT"
"1085";"P4";"74";"PEUGEOT"
"1086";"PARTNER";"74";"PEUGEOT"
"1087";"PARTNER II";"74";"PEUGEOT"
"1088";"PARTNER III";"74";"PEUGEOT"
"1089";"RCZ";"74";"PEUGEOT"
"1090";"RIFTER";"74";"PEUGEOT"
"1091";"TRAVELLER";"74";"PEUGEOT"
"1092";"PORTER";"75";"PIAGGIO"
"1093";"FIREBIRD";"76";"PONTIAC"
"1094";"TRANS SPORT";"76";"PONTIAC"
"1095";"718 BOXSTER";"77";"PORSCHE"
"1096";"718 CAYMAN";"77";"PORSCHE"
"1097";"911";"77";"PORSCHE"
"1098";"911 VIII";"77";"PORSCHE"
"1099";"912";"77";"PORSCHE"
"1100";"914";"77";"PORSCHE"
"1101";"918";"77";"PORSCHE"
"1102";"924";"77";"PORSCHE"
"1103";"928";"77";"PORSCHE"
"1104";"930";"77";"PORSCHE"
"1105";"944";"77";"PORSCHE"
"1106";"968";"77";"PORSCHE"
"1107";"BOXSTER";"77";"PORSCHE"
"1108";"CAYENNE";"77";"PORSCHE"
"1109";"CAYMAN";"77";"PORSCHE"
"1110";"MACAN";"77";"PORSCHE"
"1111";"MACAN II";"77";"PORSCHE"
"1112";"PANAMERA";"77";"PORSCHE"
"1113";"TAYCAN";"77";"PORSCHE"
"1114";"313";"78";"PROTON"
"1115";"315";"78";"PROTON"
"1116";"413";"78";"PROTON"
"1117";"415";"78";"PROTON"
"1118";"416";"78";"PROTON"
"1119";"418";"78";"PROTON"
"1120";"420";"78";"PROTON"
"1121";"4CV";"79";"RENAULT"
"1122";"ALASKAN";"79";"RENAULT"
"1123";"ARKANA";"79";"RENAULT"
"1124";"AVANTIME";"79";"RENAULT"
"1125";"B110";"79";"RENAULT"
"1126";"B120";"79";"RENAULT"
"1127";"B70";"79";"RENAULT"
"1128";"B80";"79";"RENAULT"
"1129";"B90";"79";"RENAULT"
"1130";"CAPTUR";"79";"RENAULT"
"1131";"CAPTUR II";"79";"RENAULT"
"1132";"CARAVELLE";"79";"RENAULT"
"1133";"CHEROKEE";"79";"RENAULT"
"1134";"CLIO";"79";"RENAULT"
"1135";"CLIO III";"79";"RENAULT"
"1136";"CLIO III ESTATE";"79";"RENAULT"
"1137";"CLIO IV";"79";"RENAULT"
"1138";"CLIO IV ESTATE";"79";"RENAULT"
"1139";"CLIO V";"79";"RENAULT"
"1140";"DAUPHINE";"79";"RENAULT"
"1141";"DAUPHINOIS";"79";"RENAULT"
"1142";"ESPACE";"79";"RENAULT"
"1143";"ESPACE IV";"79";"RENAULT"
"1144";"ESPACE V";"79";"RENAULT"
"1145";"ESTAFETTE";"79";"RENAULT"
"1146";"EXPRESS";"79";"RENAULT"
"1147";"FLORIDE";"79";"RENAULT"
"1148";"FLUENCE";"79";"RENAULT"
"1149";"FREGATE";"79";"RENAULT"
"1150";"FUEGO";"79";"RENAULT"
"1151";"GRAND ESPACE";"79";"RENAULT"
"1152";"GRAND ESPACE IV";"79";"RENAULT"
"1153";"GRAND SCENIC";"79";"RENAULT"
"1154";"JEEP CJ7";"79";"RENAULT"
"1155";"JUVAQUATRE";"79";"RENAULT"
"1156";"KADJAR";"79";"RENAULT"
"1157";"KANGOO";"79";"RENAULT"
"1158";"KANGOO EXPRESS";"79";"RENAULT"
"1159";"KANGOO EXPRESS II";"79";"RENAULT"
"1160";"KANGOO II";"79";"RENAULT"
"1161";"KANGOO III";"79";"RENAULT"
"1162";"KOLEOS";"79";"RENAULT"
"1163";"LAGUNA";"79";"RENAULT"
"1164";"LAGUNA II";"79";"RENAULT"
"1165";"LAGUNA II ESTATE";"79";"RENAULT"
"1166";"LAGUNA III";"79";"RENAULT"
"1167";"LAGUNA III ESTATE";"79";"RENAULT"
"1168";"LAGUNA NEVADA";"79";"RENAULT"
"1169";"LATITUDE";"79";"RENAULT"
"1170";"MASCOTT";"79";"RENAULT"
"1171";"MASTER";"79";"RENAULT"
"1172";"MASTER III";"79";"RENAULT"
"1173";"MAXITY";"79";"RENAULT"
"1174";"MEGANE";"79";"RENAULT"
"1175";"MEGANE II";"79";"RENAULT"
"1176";"MEGANE II ESTATE";"79";"RENAULT"
"1177";"MEGANE III";"79";"RENAULT"
"1178";"MEGANE III ESTATE";"79";"RENAULT"
"1179";"MEGANE IV";"79";"RENAULT"
"1180";"MESSENGER";"79";"RENAULT"
"1181";"MODUS";"79";"RENAULT"
"1182";"ONDINE";"79";"RENAULT"
"1183";"PRAIRIE";"79";"RENAULT"
"1184";"R10";"79";"RENAULT"
"1185";"R11";"79";"RENAULT"
"1186";"R12";"79";"RENAULT"
"1187";"R14";"79";"RENAULT"
"1188";"R15";"79";"RENAULT"
"1189";"R16";"79";"RENAULT"
"1190";"R17";"79";"RENAULT"
"1191";"R18";"79";"RENAULT"
"1192";"R19";"79";"RENAULT"
"1193";"R20";"79";"RENAULT"
"1194";"R21";"79";"RENAULT"
"1195";"R21 NEVADA";"79";"RENAULT"
"1196";"R25";"79";"RENAULT"
"1197";"R30";"79";"RENAULT"
"1198";"R4";"79";"RENAULT"
"1199";"R5";"79";"RENAULT"
"1200";"R6";"79";"RENAULT"
"1201";"R8";"79";"RENAULT"
"1202";"R9";"79";"RENAULT"
"1203";"RODEO";"79";"RENAULT"
"1204";"SAFRANE";"79";"RENAULT"
"1205";"SAVANE";"79";"RENAULT"
"1206";"SAVIEM";"79";"RENAULT"
"1207";"SCENIC";"79";"RENAULT"
"1208";"SCENIC II";"79";"RENAULT"
"1209";"SCENIC III";"79";"RENAULT"
"1210";"SCENIC IV";"79";"RENAULT"
"1211";"SPIDER";"79";"RENAULT"
"1212";"SUPERCINQ";"79";"RENAULT"
"1213";"TALISMAN";"79";"RENAULT"
"1214";"TRAFIC";"79";"RENAULT"
"1215";"TRAFIC III";"79";"RENAULT"
"1216";"TWINGO";"79";"RENAULT"
"1217";"TWINGO II";"79";"RENAULT"
"1218";"TWINGO III";"79";"RENAULT"
"1219";"VEL SATIS";"79";"RENAULT"
"1220";"WIND";"79";"RENAULT"
"1221";"WRANGLER";"79";"RENAULT"
"1222";"ZOE";"79";"RENAULT"
"1223";"111";"80";"ROVER"
"1224";"114";"80";"ROVER"
"1225";"115";"80";"ROVER"
"1226";"200";"80";"ROVER"
"1227";"2000";"80";"ROVER"
"1228";"213";"80";"ROVER"
"1229";"214";"80";"ROVER"
"1230";"216";"80";"ROVER"
"1231";"218";"80";"ROVER"
"1232";"220";"80";"ROVER"
"1233";"2200";"80";"ROVER"
"1234";"2300";"80";"ROVER"
"1235";"2400";"80";"ROVER"
"1236";"25";"80";"ROVER"
"1237";"2600";"80";"ROVER"
"1238";"3500";"80";"ROVER"
"1239";"414";"80";"ROVER"
"1240";"416";"80";"ROVER"
"1241";"418";"80";"ROVER"
"1242";"420";"80";"ROVER"
"1243";"45";"80";"ROVER"
"1244";"618";"80";"ROVER"
"1245";"620";"80";"ROVER"
"1246";"623";"80";"ROVER"
"1247";"75";"80";"ROVER"
"1248";"820";"80";"ROVER"
"1249";"825";"80";"ROVER"
"1250";"827";"80";"ROVER"
"1251";"ESTATE";"80";"ROVER"
"1252";"FREIGHT";"80";"ROVER"
"1253";"STREETWISE";"80";"ROVER"
"1254";"9-3";"81";"SAAB"
"1255";"9-3 BERLINE DE SPORT";"81";"SAAB"
"1256";"9-3 SPORT HATCH";"81";"SAAB"
"1257";"9-3 X";"81";"SAAB"
"1258";"9-5";"81";"SAAB"
"1259";"9-5 ESTATE";"81";"SAAB"
"1260";"900";"81";"SAAB"
"1261";"9000";"81";"SAAB"
"1262";"S300";"82";"SANTANA"
"1263";"S350";"82";"SANTANA"
"1264";"S410";"82";"SANTANA"
"1265";"S413";"82";"SANTANA"
"1266";"SAMURAI";"82";"SANTANA"
"1267";"VITARA";"82";"SANTANA"
"1268";"ALHAMBRA";"83";"SEAT"
"1269";"ALTEA";"83";"SEAT"
"1270";"ALTEA  XL";"83";"SEAT"
"1271";"ARONA";"83";"SEAT"
"1272";"AROSA";"83";"SEAT"
"1273";"ATECA";"83";"SEAT"
"1274";"CORDOBA";"83";"SEAT"
"1275";"EXEO";"83";"SEAT"
"1276";"FURA";"83";"SEAT"
"1277";"IBIZA";"83";"SEAT"
"1278";"IBIZA*";"83";"SEAT"
"1279";"INCA";"83";"SEAT"
"1280";"LEON";"83";"SEAT"
"1281";"LEON IV";"83";"SEAT"
"1282";"MALAGA";"83";"SEAT"
"1283";"MARBELLA";"83";"SEAT"
"1284";"MII";"83";"SEAT"
"1285";"RONDA";"83";"SEAT"
"1286";"TARRACO";"83";"SEAT"
"1287";"TERRA";"83";"SEAT"
"1288";"TOLEDO";"83";"SEAT"
"1289";"1050";"84";"SKODA"
"1290";"120";"84";"SKODA"
"1291";"130";"84";"SKODA"
"1292";"CITIGO";"84";"SKODA"
"1293";"ENYAQ";"84";"SKODA"
"1294";"FABIA";"84";"SKODA"
"1295";"FABIA IV";"84";"SKODA"
"1296";"FAVORIT";"84";"SKODA"
"1297";"FELICIA";"84";"SKODA"
"1298";"KAMIQ";"84";"SKODA"
"1299";"KAROQ";"84";"SKODA"
"1300";"KODIAQ";"84";"SKODA"
"1301";"OCTAVIA";"84";"SKODA"
"1302";"OCTAVIA IV";"84";"SKODA"
"1303";"RAPID";"84";"SKODA"
"1304";"ROOMSTER";"84";"SKODA"
"1305";"SCALA";"84";"SKODA"
"1306";"SUPERB";"84";"SKODA"
"1307";"YETI";"84";"SKODA"
"1308";"CABRIO";"85";"SMART"
"1309";"CITY-COUPE";"85";"SMART"
"1310";"FORFOUR";"85";"SMART"
"1311";"FORTWO";"85";"SMART"
"1312";"FORTWO BUSINESS";"85";"SMART"
"1313";"FORTWO CABRIO";"85";"SMART"
"1314";"FORTWO COUPE";"85";"SMART"
"1315";"ROADSTER";"85";"SMART"
"1316";"ROADSTER-COUPE";"85";"SMART"
"1317";"ACTYON";"86";"SSANGYONG"
"1318";"FAMILY";"86";"SSANGYONG"
"1319";"KORANDO";"86";"SSANGYONG"
"1320";"KORANDO II";"86";"SSANGYONG"
"1321";"KYRON";"86";"SSANGYONG"
"1322";"MUSSO";"86";"SSANGYONG"
"1323";"REXTON";"86";"SSANGYONG"
"1324";"REXTON III";"86";"SSANGYONG"
"1325";"RODIUS";"86";"SSANGYONG"
"1326";"TIVOLI";"86";"SSANGYONG"
"1327";"B9 TRIBECA";"87";"SUBARU"
"1328";"BRZ";"87";"SUBARU"
"1329";"E12";"87";"SUBARU"
"1330";"FORESTER";"87";"SUBARU"
"1331";"FORESTER V";"87";"SUBARU"
"1332";"G3X JUSTY";"87";"SUBARU"
"1333";"IMPREZA";"87";"SUBARU"
"1334";"IMPREZA V";"87";"SUBARU"
"1335";"JUSTY";"87";"SUBARU"
"1336";"LEGACY";"87";"SUBARU"
"1337";"LEVORG";"87";"SUBARU"
"1338";"OUTBACK";"87";"SUBARU"
"1339";"OUTBACK VI";"87";"SUBARU"
"1340";"SVX";"87";"SUBARU"
"1341";"TREZIA";"87";"SUBARU"
"1342";"VIVIO";"87";"SUBARU"
"1343";"XV";"87";"SUBARU"
"1344";"XV II";"87";"SUBARU"
"1345";"1000";"88";"SUNBEAM"
"1346";"1250";"88";"SUNBEAM"
"1347";"1300";"88";"SUNBEAM"
"1348";"1500";"88";"SUNBEAM"
"1349";"1600";"88";"SUNBEAM"
"1350";"1725";"88";"SUNBEAM"
"1351";"AVENGER";"88";"SUNBEAM"
"1352";"LOTUS";"88";"SUNBEAM"
"1353";"TI";"88";"SUNBEAM"
"1354";"ACROSS";"89";"SUZUKI"
"1355";"ALTO";"89";"SUZUKI"
"1356";"BALENO";"89";"SUZUKI"
"1357";"CELERIO";"89";"SUZUKI"
"1358";"GRAND VITARA";"89";"SUZUKI"
"1359";"IGNIS";"89";"SUZUKI"
"1360";"JIMNY";"89";"SUZUKI"
"1361";"JIMNY II";"89";"SUZUKI"
"1362";"KIZASHI";"89";"SUZUKI"
"1363";"LIANA";"89";"SUZUKI"
"1364";"S-CROSS";"89";"SUZUKI"
"1365";"SAMURAI";"89";"SUZUKI"
"1366";"SPLASH";"89";"SUZUKI"
"1367";"SUPERCARRY";"89";"SUZUKI"
"1368";"SWACE";"89";"SUZUKI"
"1369";"SWIFT";"89";"SUZUKI"
"1370";"SX4";"89";"SUZUKI"
"1371";"VITARA";"89";"SUZUKI"
"1372";"WAGON R+";"89";"SUZUKI"
"1373";"X90";"89";"SUZUKI"
"1374";"1000";"90";"TALBOT"
"1375";"1005";"90";"TALBOT"
"1376";"1006";"90";"TALBOT"
"1377";"1100";"90";"TALBOT"
"1378";"1300";"90";"TALBOT"
"1379";"1301";"90";"TALBOT"
"1380";"1307";"90";"TALBOT"
"1381";"1308";"90";"TALBOT"
"1382";"1309";"90";"TALBOT"
"1383";"1500";"90";"TALBOT"
"1384";"1501";"90";"TALBOT"
"1385";"1510";"90";"TALBOT"
"1386";"160";"90";"TALBOT"
"1387";"1610";"90";"TALBOT"
"1388";"2L";"90";"TALBOT"
"1389";"ARONDE";"90";"TALBOT"
"1390";"HORIZON";"90";"TALBOT"
"1391";"SAMBA";"90";"TALBOT"
"1392";"SIM QUATRE";"90";"TALBOT"
"1393";"SOLARA";"90";"TALBOT"
"1394";"TAGORA";"90";"TALBOT"
"1395";"TELCOLINE";"91";"TATA"
"1396";"TELCOSPORT";"91";"TATA"
"1397";"MODEL 3";"92";"TESLA"
"1398";"MODEL S";"92";"TESLA"
"1399";"MODEL X";"92";"TESLA"
"1400";"MODEL Y";"92";"TESLA"
"1401";"CITY";"93";"THINK"
"1402";"AURIS";"94";"TOYOTA"
"1403";"AVENSIS";"94";"TOYOTA"
"1404";"AYGO";"94";"TOYOTA"
"1405";"C-HR";"94";"TOYOTA"
"1406";"CAMRY";"94";"TOYOTA"
"1407";"CAMRY II";"94";"TOYOTA"
"1408";"CARINA";"94";"TOYOTA"
"1409";"CARINA E";"94";"TOYOTA"
"1410";"CARINA II";"94";"TOYOTA"
"1411";"CELICA";"94";"TOYOTA"
"1412";"COROLLA";"94";"TOYOTA"
"1413";"COROLLA VERSO";"94";"TOYOTA"
"1414";"COROLLA X";"94";"TOYOTA"
"1415";"CORONA";"94";"TOYOTA"
"1416";"CRESSIDA";"94";"TOYOTA"
"1417";"CROWN";"94";"TOYOTA"
"1418";"DYNA";"94";"TOYOTA"
"1419";"FUNCRUISER";"94";"TOYOTA"
"1420";"GT86";"94";"TOYOTA"
"1421";"HI-ACE";"94";"TOYOTA"
"1422";"HI-LUX";"94";"TOYOTA"
"1423";"HIGHLANDER";"94";"TOYOTA"
"1424";"IQ";"94";"TOYOTA"
"1425";"LANDCRUISER";"94";"TOYOTA"
"1426";"LEXUS";"94";"TOYOTA"
"1427";"LITE ACE";"94";"TOYOTA"
"1428";"MIRAI";"94";"TOYOTA"
"1429";"MIRAI II";"94";"TOYOTA"
"1430";"MODELE F";"94";"TOYOTA"
"1431";"MR";"94";"TOYOTA"
"1432";"PASEO";"94";"TOYOTA"
"1433";"PICNIC";"94";"TOYOTA"
"1434";"PREVIA";"94";"TOYOTA"
"1435";"PRIUS";"94";"TOYOTA"
"1436";"PROACE";"94";"TOYOTA"
"1437";"PROACE CITY";"94";"TOYOTA"
"1438";"RAV4";"94";"TOYOTA"
"1439";"RAV4 III";"94";"TOYOTA"
"1440";"RAV4 IV";"94";"TOYOTA"
"1441";"RAV4 V";"94";"TOYOTA"
"1442";"RUNNER";"94";"TOYOTA"
"1443";"STARLET";"94";"TOYOTA"
"1444";"SUPRA";"94";"TOYOTA"
"1445";"SUPRA V";"94";"TOYOTA"
"1446";"TERCEL";"94";"TOYOTA"
"1447";"URBAN CRUISER";"94";"TOYOTA"
"1448";"VERSO";"94";"TOYOTA"
"1449";"VERSO-S";"94";"TOYOTA"
"1450";"YARIS";"94";"TOYOTA"
"1451";"YARIS CROSS";"94";"TOYOTA"
"1452";"YARIS II";"94";"TOYOTA"
"1453";"YARIS III";"94";"TOYOTA"
"1454";"YARIS IV";"94";"TOYOTA"
"1455";"1300";"95";"TRIUMPH"
"1456";"2000";"95";"TRIUMPH"
"1457";"2500";"95";"TRIUMPH"
"1458";"ACCLAIM";"95";"TRIUMPH"
"1459";"DOLOMITE";"95";"TRIUMPH"
"1460";"HERALD";"95";"TRIUMPH"
"1461";"SPITFIRE";"95";"TRIUMPH"
"1462";"STAG";"95";"TRIUMPH"
"1463";"TOLEDO";"95";"TRIUMPH"
"1464";"TR";"95";"TRIUMPH"
"1465";"TR4";"95";"TRIUMPH"
"1466";"TR6";"95";"TRIUMPH"
"1467";"ALTER";"96";"UMM"
"1468";"1,6L";"97";"VOLKSWAGEN"
"1469";"1600";"97";"VOLKSWAGEN"
"1470";"181";"97";"VOLKSWAGEN"
"1471";"183";"97";"VOLKSWAGEN"
"1472";"411";"97";"VOLKSWAGEN"
"1473";"412";"97";"VOLKSWAGEN"
"1474";"AMAROK";"97";"VOLKSWAGEN"
"1475";"ARTEON";"97";"VOLKSWAGEN"
"1476";"BORA";"97";"VOLKSWAGEN"
"1477";"CADDY";"97";"VOLKSWAGEN"
"1478";"CADDY V";"97";"VOLKSWAGEN"
"1479";"COCCINELLE";"97";"VOLKSWAGEN"
"1480";"CORRADO";"97";"VOLKSWAGEN"
"1481";"CRAFTER";"97";"VOLKSWAGEN"
"1482";"EOS";"97";"VOLKSWAGEN"
"1483";"FOX";"97";"VOLKSWAGEN"
"1484";"GOLF";"97";"VOLKSWAGEN"
"1485";"GOLF III";"97";"VOLKSWAGEN"
"1486";"GOLF IV";"97";"VOLKSWAGEN"
"1487";"GOLF PLUS";"97";"VOLKSWAGEN"
"1488";"GOLF SPORTSVAN";"97";"VOLKSWAGEN"
"1489";"GOLF V";"97";"VOLKSWAGEN"
"1490";"GOLF VI";"97";"VOLKSWAGEN"
"1491";"GOLF VII";"97";"VOLKSWAGEN"
"1492";"GOLF VIII";"97";"VOLKSWAGEN"
"1493";"ID.3";"97";"VOLKSWAGEN"
"1494";"ID.4";"97";"VOLKSWAGEN"
"1495";"JETTA";"97";"VOLKSWAGEN"
"1496";"JETTA II";"97";"VOLKSWAGEN"
"1497";"JETTA III";"97";"VOLKSWAGEN"
"1498";"K70";"97";"VOLKSWAGEN"
"1499";"LT28";"97";"VOLKSWAGEN"
"1500";"LT31";"97";"VOLKSWAGEN"
"1501";"LT32";"97";"VOLKSWAGEN"
"1502";"LT35";"97";"VOLKSWAGEN"
"1503";"LT40A";"97";"VOLKSWAGEN"
"1504";"LT46A";"97";"VOLKSWAGEN"
"1505";"LUPO";"97";"VOLKSWAGEN"
"1506";"NEW BEETLE";"97";"VOLKSWAGEN"
"1507";"PASSAT";"97";"VOLKSWAGEN"
"1508";"PASSAT CC";"97";"VOLKSWAGEN"
"1509";"PASSAT SW";"97";"VOLKSWAGEN"
"1510";"PASSAT*";"97";"VOLKSWAGEN"
"1511";"PHAETON";"97";"VOLKSWAGEN"
"1512";"POLO";"97";"VOLKSWAGEN"
"1513";"POLO V";"97";"VOLKSWAGEN"
"1514";"POLO VI";"97";"VOLKSWAGEN"
"1515";"SANTANA";"97";"VOLKSWAGEN"
"1516";"SCIROCCO";"97";"VOLKSWAGEN"
"1517";"SHARAN";"97";"VOLKSWAGEN"
"1518";"T-CROSS";"97";"VOLKSWAGEN"
"1519";"T-ROC";"97";"VOLKSWAGEN"
"1520";"TARO";"97";"VOLKSWAGEN"
"1521";"TIGUAN";"97";"VOLKSWAGEN"
"1522";"TOUAREG";"97";"VOLKSWAGEN"
"1523";"TOUAREG III";"97";"VOLKSWAGEN"
"1524";"TOURAN";"97";"VOLKSWAGEN"
"1525";"TRANSPORTER";"97";"VOLKSWAGEN"
"1526";"UP";"97";"VOLKSWAGEN"
"1527";"VENTO";"97";"VOLKSWAGEN"
"1528";"122";"98";"VOLVO"
"1529";"142";"98";"VOLVO"
"1530";"144";"98";"VOLVO"
"1531";"164";"98";"VOLVO"
"1532";"1800";"98";"VOLVO"
"1533";"240";"98";"VOLVO"
"1534";"242";"98";"VOLVO"
"1535";"244";"98";"VOLVO"
"1536";"245";"98";"VOLVO"
"1537";"262";"98";"VOLVO"
"1538";"264";"98";"VOLVO"
"1539";"265";"98";"VOLVO"
"1540";"340";"98";"VOLVO"
"1541";"360";"98";"VOLVO"
"1542";"440";"98";"VOLVO"
"1543";"460";"98";"VOLVO"
"1544";"480";"98";"VOLVO"
"1545";"66";"98";"VOLVO"
"1546";"740";"98";"VOLVO"
"1547";"760";"98";"VOLVO"
"1548";"780";"98";"VOLVO"
"1549";"850";"98";"VOLVO"
"1550";"940";"98";"VOLVO"
"1551";"960";"98";"VOLVO"
"1552";"C30";"98";"VOLVO"
"1553";"C70";"98";"VOLVO"
"1554";"CROSS COUNTRY";"98";"VOLVO"
"1555";"S40";"98";"VOLVO"
"1556";"S60";"98";"VOLVO"
"1557";"S60 III";"98";"VOLVO"
"1558";"S70";"98";"VOLVO"
"1559";"S80";"98";"VOLVO"
"1560";"S90";"98";"VOLVO"
"1561";"V40";"98";"VOLVO"
"1562";"V50";"98";"VOLVO"
"1563";"V60";"98";"VOLVO"
"1564";"V60 II";"98";"VOLVO"
"1565";"V70";"98";"VOLVO"
"1566";"V90";"98";"VOLVO"
"1567";"XC40";"98";"VOLVO"
"1568";"XC60";"98";"VOLVO"
"1569";"XC70";"98";"VOLVO"
"1570";"XC90";"98";"VOLVO"
"1571";"1100";"99";"ZASTAVA"
"1572";"1300";"99";"ZASTAVA"
"1573";"YUGO";"99";"ZASTAVA"
"1574";"TAVRIA";"100";"ZAZ"
